,top_one_wins_three,two_one,one_one_one
A,0.0,0.21092,2.43247
B,10.551029999999999,8.78208,8.03496
H,7.7779799999999994,10.476589999999998,9.53705
W,11.670990000000002,10.53041,9.995519999999999
