,top_one_wins_five,three_two,two_two_one
A,0.0,0.42184,2.64339
B,17.58505,14.047149999999998,13.30003
H,12.9633,18.36052,17.42098
W,19.45165,17.17049,16.6356
